radius,mean_active,mean_hyperedges,mean_pairwise_edges,mean_support_size,mean_node_degree,class
0.05,43.612,43.612,41.94,2.9485773598602125,1.274919996380806,qcd
0.08,43.612,43.612,79.316,4.555091448789416,2.0224400025606157,qcd
0.11,43.612,43.612,122.54,6.36319054805741,2.8869200031757356,qcd
0.14,43.612,43.612,169.048,8.273713971297964,3.817079990744591,qcd
0.17,43.612,43.612,216.884,10.19032354223324,4.773799998998642,qcd
0.2,43.612,43.612,266.132,12.149212139454812,5.758760007619858,qcd
0.25,43.612,43.612,346.452,15.239381973211414,7.365160007715225,qcd
0.3,43.612,43.612,425.0,18.20779385025627,8.936120042800903,qcd
0.35,43.612,43.612,499.708,20.976519288053915,10.430280015945435,qcd
0.4,43.612,43.612,571.164,23.582616725668,11.859399993419647,qcd
