radius,class,norm_t12,norm_t21,norm_t22,unnorm_t12,unnorm_t21,unnorm_t22
0.05,top,0.5884891146421433,0.9854861679673195,0.9809542387723923,1.176115620136261,4.336623121500015,28.065282683372498
0.08,top,0.5098748461902142,0.9680297312140465,0.9573527744412422,1.457375757098198,6.121026074886322,52.414018650054935
0.11,top,0.445153025239706,0.9484893041849136,0.9307313764095306,1.7215725296735764,7.790046279430389,81.97068089485168
0.14,top,0.39151386842131614,0.9274981659650803,0.9027607762813568,1.9705724382400513,9.401652398109436,116.01600589752198
0.17,top,0.34693248629570006,0.9100878125429154,0.879651030600071,2.192756367921829,10.984879553318024,154.96081701278686
0.2,top,0.3115317091345787,0.8964695787429809,0.8615953525900841,2.4188527029752733,12.624659979343415,200.6178635406494
0.05,QCD,0.5126155738532543,0.9842365550994873,0.9792315781116485,1.0983078867197036,5.139042150974274,38.706067444086074
0.08,QCD,0.45271979868412016,0.9725465762615204,0.9635073521733284,1.3773191659152508,7.4549158185720446,76.92570587396622
0.11,QCD,0.4009332330524921,0.9576981595158577,0.9431767252087593,1.6179283413290977,9.477704401016235,121.69640951633454
0.14,QCD,0.35908824279904367,0.9408959984779358,0.9209518328309059,1.8565435782074928,11.522924466133118,176.23863672733307
0.17,QCD,0.32559088483452797,0.9282179301977158,0.9046384137868881,2.063978114724159,13.423551204204559,235.64017143249512
0.2,QCD,0.2973438248038292,0.9160903838276863,0.8882642790675164,2.298115601539612,15.440188958644868,306.616788520813
