eta0,depth,width,heads,epoch,global_step,train_loss,val_acc,val_roc_auc,val_bg_rejection,rope,run
0.01,3,256,8,0,490,1.225530982017517,0.5659199953079224,0.9066375494003296,111.38078308105469,False,capen-llama-att_3_256_0p01_ln_op-incidence_onorm-degree_res-transformer-like_h8_ntr1M_nval25k_nf7_gstar0p2_stream-kin7-p80-D1M-seed0
0.05,3,256,8,0,490,1.1243717670440674,0.598080039024353,0.9210384488105774,124.55944061279297,False,capen-llama-att_3_256_0p05_ln_op-incidence_onorm-degree_res-transformer-like_h8_ntr1M_nval25k_nf7_gstar0p2_stream-kin7-p80-D1M-seed0
0.1,3,256,8,0,490,1.103352665901184,0.6104799509048462,0.9251854419708252,121.76286315917969,False,capen-llama-att_3_256_0p1_ln_op-incidence_onorm-degree_res-transformer-like_h8_ntr1M_nval25k_nf7_gstar0p2_stream-kin7-p80-D1M-seed0
0.25,3,256,8,0,490,1.0991978645324707,0.6103599667549133,0.9263010025024414,120.65579223632812,False,capen-llama-att_3_256_0p25_ln_op-incidence_onorm-degree_res-transformer-like_h8_ntr1M_nval25k_nf7_gstar0p2_stream-kin7-p80-D1M-seed0
0.5,3,256,8,0,490,1.097554326057434,0.6152399778366089,0.9261661767959595,130.39773559570312,False,capen-llama-att_3_256_0p5_ln_op-incidence_onorm-degree_res-transformer-like_h8_ntr1M_nval25k_nf7_gstar0p2_stream-kin7-p80-D1M-seed0
1.0,3,256,8,0,490,1.1100770235061646,0.6018400192260742,0.9238680601119995,130.40463256835938,False,capen-llama-att_3_256_1_ln_op-incidence_onorm-degree_res-transformer-like_h8_ntr1M_nval25k_nf7_gstar0p2_stream-kin7-p80-D1M-seed0
2.5,3,256,8,0,490,1.28718900680542,0.5573999881744385,0.9067294597625732,119.86585998535156,False,capen-llama-att_3_256_2p5_ln_op-incidence_onorm-degree_res-transformer-like_h8_ntr1M_nval25k_nf7_gstar0p2_stream-kin7-p80-D1M-seed0
0.01,3,256,8,1,979,1.1601860523223877,0.5988399982452393,0.919851541519165,115.77887725830078,False,capen-llama-att_3_256_0p01_ln_op-incidence_onorm-degree_res-transformer-like_h8_ntr1M_nval25k_nf7_gstar0p2_stream-kin7-p80-D1M-seed0
0.05,3,256,8,1,979,1.0861107110977173,0.6205199956893921,0.9287512302398682,131.59051513671875,False,capen-llama-att_3_256_0p05_ln_op-incidence_onorm-degree_res-transformer-like_h8_ntr1M_nval25k_nf7_gstar0p2_stream-kin7-p80-D1M-seed0
0.1,3,256,8,1,979,1.0668792724609375,0.6288399696350098,0.9316030144691467,142.5152130126953,False,capen-llama-att_3_256_0p1_ln_op-incidence_onorm-degree_res-transformer-like_h8_ntr1M_nval25k_nf7_gstar0p2_stream-kin7-p80-D1M-seed0
0.25,3,256,8,1,979,1.068570613861084,0.6244800090789795,0.9305561184883118,134.1486358642578,False,capen-llama-att_3_256_0p25_ln_op-incidence_onorm-degree_res-transformer-like_h8_ntr1M_nval25k_nf7_gstar0p2_stream-kin7-p80-D1M-seed0
0.5,3,256,8,1,979,1.0637372732162476,0.6199599504470825,0.9305717349052429,136.35903930664062,False,capen-llama-att_3_256_0p5_ln_op-incidence_onorm-degree_res-transformer-like_h8_ntr1M_nval25k_nf7_gstar0p2_stream-kin7-p80-D1M-seed0
1.0,3,256,8,1,979,1.070703387260437,0.6150799989700317,0.9277060627937317,130.03070068359375,False,capen-llama-att_3_256_1_ln_op-incidence_onorm-degree_res-transformer-like_h8_ntr1M_nval25k_nf7_gstar0p2_stream-kin7-p80-D1M-seed0
2.5,3,256,8,1,979,1.1722456216812134,0.5962799787521362,0.9225032925605774,114.96236419677734,False,capen-llama-att_3_256_2p5_ln_op-incidence_onorm-degree_res-transformer-like_h8_ntr1M_nval25k_nf7_gstar0p2_stream-kin7-p80-D1M-seed0
0.01,3,256,8,2,1468,1.1047230958938599,0.6106400489807129,0.9252206087112427,130.59632873535156,False,capen-llama-att_3_256_0p01_ln_op-incidence_onorm-degree_res-transformer-like_h8_ntr1M_nval25k_nf7_gstar0p2_stream-kin7-p80-D1M-seed0
0.05,3,256,8,2,1468,1.0444213151931763,0.6284400224685669,0.9320527911186218,146.4051971435547,False,capen-llama-att_3_256_0p05_ln_op-incidence_onorm-degree_res-transformer-like_h8_ntr1M_nval25k_nf7_gstar0p2_stream-kin7-p80-D1M-seed0
0.1,3,256,8,2,1468,1.0308846235275269,0.6327999830245972,0.9335744976997375,153.9601287841797,False,capen-llama-att_3_256_0p1_ln_op-incidence_onorm-degree_res-transformer-like_h8_ntr1M_nval25k_nf7_gstar0p2_stream-kin7-p80-D1M-seed0
0.25,3,256,8,2,1468,1.0379300117492676,0.6252399682998657,0.9321242570877075,129.80860900878906,False,capen-llama-att_3_256_0p25_ln_op-incidence_onorm-degree_res-transformer-like_h8_ntr1M_nval25k_nf7_gstar0p2_stream-kin7-p80-D1M-seed0
0.5,3,256,8,2,1468,1.0309339761734009,0.6291600465774536,0.9331274032592773,148.87696838378906,False,capen-llama-att_3_256_0p5_ln_op-incidence_onorm-degree_res-transformer-like_h8_ntr1M_nval25k_nf7_gstar0p2_stream-kin7-p80-D1M-seed0
1.0,3,256,8,2,1468,1.0369369983673096,0.6270400285720825,0.9320152401924133,146.82757568359375,False,capen-llama-att_3_256_1_ln_op-incidence_onorm-degree_res-transformer-like_h8_ntr1M_nval25k_nf7_gstar0p2_stream-kin7-p80-D1M-seed0
2.5,3,256,8,2,1468,1.096792459487915,0.6160000562667847,0.9276596307754517,134.23391723632812,False,capen-llama-att_3_256_2p5_ln_op-incidence_onorm-degree_res-transformer-like_h8_ntr1M_nval25k_nf7_gstar0p2_stream-kin7-p80-D1M-seed0
0.01,6,512,16,0,490,1.19777512550354,0.5774400234222412,0.9111618399620056,114.68550109863281,False,capen-llama-att_6_512_0p01_ln_op-incidence_onorm-degree_res-transformer-like_h16_ntr1M_nval25k_nf7_gstar0p2_stream-kin7-p80-D1M-seed0
0.05,6,512,16,0,490,1.107000470161438,0.6029999852180481,0.9234238862991333,126.84484100341797,False,capen-llama-att_6_512_0p05_ln_op-incidence_onorm-degree_res-transformer-like_h16_ntr1M_nval25k_nf7_gstar0p2_stream-kin7-p80-D1M-seed0
0.1,6,512,16,0,489,1.2351152896881104,0.6042400002479553,0.9252050518989563,124.72956848144531,False,capen-llama-att_6_512_0p1_ln_op-incidence_onorm-degree_res-transformer-like_h16_ntr1M_nval25k_nf7_gstar0p2_stream-kin7-p80-D1M-seed0
0.25,6,512,16,0,489,1.2369080781936646,0.6078799962997437,0.9252269268035889,137.326171875,False,capen-llama-att_6_512_0p25_ln_op-incidence_onorm-degree_res-transformer-like_h16_ntr1M_nval25k_nf7_gstar0p2_stream-kin7-p80-D1M-seed0
0.5,6,512,16,0,489,1.266474723815918,0.6015200614929199,0.9234926700592041,108.13932800292969,False,capen-llama-att_6_512_0p5_ln_op-incidence_onorm-degree_res-transformer-like_h16_ntr1M_nval25k_nf7_gstar0p2_stream-kin7-p80-D1M-seed0
1.0,6,512,16,0,489,1.3120241165161133,0.5931199789047241,0.9230579137802124,120.56024169921875,False,capen-llama-att_6_512_1_ln_op-incidence_onorm-degree_res-transformer-like_h16_ntr1M_nval25k_nf7_gstar0p2_stream-kin7-p80-D1M-seed0
2.5,6,512,16,0,489,1.9798402786254883,0.4792799949645996,0.8744473457336426,74.04547119140625,False,capen-llama-att_6_512_2p5_ln_op-incidence_onorm-degree_res-transformer-like_h16_ntr1M_nval25k_nf7_gstar0p2_stream-kin7-p80-D1M-seed0
0.01,6,512,16,1,979,1.1312867403030396,0.6079599857330322,0.9241994023323059,118.95231628417969,False,capen-llama-att_6_512_0p01_ln_op-incidence_onorm-degree_res-transformer-like_h16_ntr1M_nval25k_nf7_gstar0p2_stream-kin7-p80-D1M-seed0
0.05,6,512,16,1,979,1.0709937810897827,0.625480055809021,0.9310824871063232,136.93678283691406,False,capen-llama-att_6_512_0p05_ln_op-incidence_onorm-degree_res-transformer-like_h16_ntr1M_nval25k_nf7_gstar0p2_stream-kin7-p80-D1M-seed0
0.01,6,512,16,2,1468,1.0737297534942627,0.6132000684738159,0.9279294013977051,130.39060974121094,False,capen-llama-att_6_512_0p01_ln_op-incidence_onorm-degree_res-transformer-like_h16_ntr1M_nval25k_nf7_gstar0p2_stream-kin7-p80-D1M-seed0
0.05,6,512,16,2,1468,1.0322991609573364,0.6310399770736694,0.9330534338951111,143.4967803955078,False,capen-llama-att_6_512_0p05_ln_op-incidence_onorm-degree_res-transformer-like_h16_ntr1M_nval25k_nf7_gstar0p2_stream-kin7-p80-D1M-seed0
