model,eta0,depth,width,heads,epoch,global_step,train_loss,val_acc,val_roc_auc,val_bg_rejection,run
att,0.01,3,256,8,0,490,1.225530982017517,0.5659199953079224,0.9066375494003296,111.38078308105469,capen-llama-att_3_256_0p01_ln_op-incidence_onorm-degree_res-transformer-like_h8_ntr1M_nval25k_nf7_gstar0p2_stream-kin7-p80-D1M-seed0
att,0.05,3,256,8,0,490,1.1243717670440674,0.598080039024353,0.9210384488105774,124.55944061279297,capen-llama-att_3_256_0p05_ln_op-incidence_onorm-degree_res-transformer-like_h8_ntr1M_nval25k_nf7_gstar0p2_stream-kin7-p80-D1M-seed0
att,0.1,3,256,8,0,490,1.103352665901184,0.6104799509048462,0.9251854419708252,121.76286315917969,capen-llama-att_3_256_0p1_ln_op-incidence_onorm-degree_res-transformer-like_h8_ntr1M_nval25k_nf7_gstar0p2_stream-kin7-p80-D1M-seed0
att,0.25,3,256,8,0,490,1.0991978645324707,0.6103599667549133,0.9263010025024414,120.65579223632812,capen-llama-att_3_256_0p25_ln_op-incidence_onorm-degree_res-transformer-like_h8_ntr1M_nval25k_nf7_gstar0p2_stream-kin7-p80-D1M-seed0
att,0.5,3,256,8,0,490,1.097554326057434,0.6152399778366089,0.9261661767959595,130.39773559570312,capen-llama-att_3_256_0p5_ln_op-incidence_onorm-degree_res-transformer-like_h8_ntr1M_nval25k_nf7_gstar0p2_stream-kin7-p80-D1M-seed0
att,1.0,3,256,8,0,490,1.1100770235061646,0.6018400192260742,0.9238680601119995,130.40463256835938,capen-llama-att_3_256_1_ln_op-incidence_onorm-degree_res-transformer-like_h8_ntr1M_nval25k_nf7_gstar0p2_stream-kin7-p80-D1M-seed0
att,2.5,3,256,8,0,490,1.28718900680542,0.5573999881744385,0.9067294597625732,119.86585998535156,capen-llama-att_3_256_2p5_ln_op-incidence_onorm-degree_res-transformer-like_h8_ntr1M_nval25k_nf7_gstar0p2_stream-kin7-p80-D1M-seed0
m11,0.01,3,256,8,0,489,1.5036683082580566,0.5548800230026245,0.9026371836662292,90.73031616210938,baseline-transformer_3_256_0p01_ln_op-incidence_onorm-degree_res-transformer-like_h8_ntr1M_nval25k_nf7_m11-stream-kin7-p80-D1M-seed0
m11,0.05,3,256,8,0,489,1.3168973922729492,0.584600031375885,0.915337860584259,105.612548828125,baseline-transformer_3_256_0p05_ln_op-incidence_onorm-degree_res-transformer-like_h8_ntr1M_nval25k_nf7_m11-stream-kin7-p80-D1M-seed0
m11,0.1,3,256,8,0,489,1.2855829000473022,0.5951200127601624,0.9192822575569153,103.41107940673828,baseline-transformer_3_256_0p1_ln_op-incidence_onorm-degree_res-transformer-like_h8_ntr1M_nval25k_nf7_m11-stream-kin7-p80-D1M-seed0
m11,0.25,3,256,8,0,489,1.2983757257461548,0.5909199714660645,0.9201454520225525,109.92266845703125,baseline-transformer_3_256_0p25_ln_op-incidence_onorm-degree_res-transformer-like_h8_ntr1M_nval25k_nf7_m11-stream-kin7-p80-D1M-seed0
m11,0.5,3,256,8,0,489,1.3098416328430176,0.5988800525665283,0.9217826128005981,91.7695541381836,baseline-transformer_3_256_0p5_ln_op-incidence_onorm-degree_res-transformer-like_h8_ntr1M_nval25k_nf7_m11-stream-kin7-p80-D1M-seed0
m11,1.0,3,256,8,0,489,1.4063152074813843,0.5756000280380249,0.9139636158943176,94.47460174560547,baseline-transformer_3_256_1_ln_op-incidence_onorm-degree_res-transformer-like_h8_ntr1M_nval25k_nf7_m11-stream-kin7-p80-D1M-seed0
m11,2.5,3,256,8,0,489,1.7437390089035034,0.5315999984741211,0.8977342844009399,87.78762817382812,baseline-transformer_3_256_2p5_ln_op-incidence_onorm-degree_res-transformer-like_h8_ntr1M_nval25k_nf7_m11-stream-kin7-p80-D1M-seed0
