panel,family,variant,global_step,val_acc,val_roc_auc,val_bg_rejection,path
A_1epoch,baseline,default,1954,0.6314799785614014,0.9324615001678467,135.54217529296875,/scratch/gpfs/BHANIN/jdezoort/cpen_runs/jetclass_scaling_law/jetclass_output/adam/sweep_lr/capen-llama-att_4_256_0p25_ln_op-incidence_onorm-degree_res-transformer-like_h8_ntr1M_nval25k_nf7_gstar0p2_stream-kin7-partint-p80-D1M-s1p954k-seed0-ablate.parquet
A_1epoch,positional,RoPE,1954,0.6317999958992004,0.9323930740356445,134.7305450439453,/scratch/gpfs/BHANIN/jdezoort/cpen_runs/jetclass_scaling_law/jetclass_output/adam/sweep_lr/capen-llama-att_4_256_0p25_ln_op-incidence_onorm-degree_res-transformer-like_h8_ntr1M_nval25k_nf7_gstar0p2_rope-stream-kin7-partint-p80-D1M-s1p954k-seed0-ablate.parquet
A_1epoch,pooling,uniform pool,1954,0.6033600568771362,0.9236021041870117,116.58031463623047,/scratch/gpfs/BHANIN/jdezoort/cpen_runs/jetclass_scaling_law/jetclass_output/adam/sweep_lr/capen-llama-att_4_256_0p25_ln_op-incidence_onorm-degree_res-transformer-like_h8_ntr1M_nval25k_nf7_gstar0p2_unipool-stream-kin7-p80-D1M-s1p954k-seed0-ablate.parquet
A_1epoch,features,full M22,1954,0.6042400002479553,0.9240201711654663,133.13609313964844,/scratch/gpfs/BHANIN/jdezoort/cpen_runs/jetclass_scaling_law/jetclass_output/adam/sweep_lr/capen-llama-att_4_256_0p25_ln_op-incidence_onorm-degree_res-transformer-like_h8_ntr1M_nval25k_nf7_gstar0p2_fullm22-stream-kin7-p80-D1M-s1p954k-seed0-ablate.parquet
A_1epoch,interaction,no part-int,1954,0.6008399724960327,0.9224152565002441,125.0,/scratch/gpfs/BHANIN/jdezoort/cpen_runs/jetclass_scaling_law/jetclass_output/adam/sweep_lr/capen-llama-att_4_256_0p25_ln_op-incidence_onorm-degree_res-transformer-like_h8_ntr1M_nval25k_nf7_gstar0p2_stream-kin7-p80-D1M-s1p954k-seed0-ablate.parquet
A_1epoch,kinematics,no pT cut,1954,0.6297999620437622,0.9320659041404724,133.13609313964844,/scratch/gpfs/BHANIN/jdezoort/cpen_runs/jetclass_scaling_law/jetclass_output/adam/sweep_lr/capen-llama-att_4_256_0p25_ln_op-incidence_onorm-degree_res-transformer-like_h8_ntr1M_nval25k_nf7_gstar0p2_stream-kin7-partint-D1M-s1p954k-seed0-ablate.parquet
A_1epoch,edge kernel,log-dot,1954,0.6011600494384766,0.9223769903182983,124.30939483642578,/scratch/gpfs/BHANIN/jdezoort/cpen_runs/jetclass_scaling_law/jetclass_output/adam/sweep_lr/capen-llama-att_4_256_0p25_ln_op-incidence_onorm-degree_res-transformer-like_h8_ntr1M_nval25k_nf7_gstar0p2_stream-kin7-logdot-p80-D1M-s1p954k-seed0-ablate.parquet
A_1epoch,star R,R*=0.1,1954,0.6069599986076355,0.9239678978919983,104.16666412353516,/scratch/gpfs/BHANIN/jdezoort/cpen_runs/jetclass_scaling_law/jetclass_output/adam/sweep_lr/capen-llama-att_4_256_0p25_ln_op-incidence_onorm-degree_res-transformer-like_h8_ntr1M_nval25k_nf7_gstar0p1_stream-kin7-p80-D1M-s1p954k-seed0-ablate.parquet
A_1epoch,star R,R*=0.15,1954,0.6033999919891357,0.922089695930481,115.97937774658203,/scratch/gpfs/BHANIN/jdezoort/cpen_runs/jetclass_scaling_law/jetclass_output/adam/sweep_lr/capen-llama-att_4_256_0p25_ln_op-incidence_onorm-degree_res-transformer-like_h8_ntr1M_nval25k_nf7_gstar0p15_stream-kin7-p80-D1M-s1p954k-seed0-ablate.parquet
A_1epoch,star R,R*=0.3,1954,0.5922799706459045,0.9206216335296631,124.30939483642578,/scratch/gpfs/BHANIN/jdezoort/cpen_runs/jetclass_scaling_law/jetclass_output/adam/sweep_lr/capen-llama-att_4_256_0p25_ln_op-incidence_onorm-degree_res-transformer-like_h8_ntr1M_nval25k_nf7_gstar0p3_stream-kin7-p80-D1M-s1p954k-seed0-ablate.parquet
B_knn,graph k,k=2,3907,0.6491999626159668,0.9392316341400146,158.45069885253906,/scratch/gpfs/BHANIN/jdezoort/cpen_runs/jetclass_scaling_law/jetclass_output/adam/sweep_lr/capen-llama-att_4_256_0p25_ln_op-incidence_onorm-degree_res-transformer-like_h8_ntr1M_nval25k_nf7_gstar0p2_stream-kin7-partint-p80-knn2-D1M-s3p907k-seed0-ablate-b256.parquet
B_knn,graph k,k=4,3907,0.6507200002670288,0.9399831891059875,154.10958862304688,/scratch/gpfs/BHANIN/jdezoort/cpen_runs/jetclass_scaling_law/jetclass_output/adam/sweep_lr/capen-llama-att_4_256_0p25_ln_op-incidence_onorm-degree_res-transformer-like_h8_ntr1M_nval25k_nf7_gstar0p2_stream-kin7-partint-p80-knn4-D1M-s3p907k-seed0-ablate-b256.parquet
B_knn,graph k,k=6,3907,0.6499999761581421,0.9403969049453735,149.00662231445312,/scratch/gpfs/BHANIN/jdezoort/cpen_runs/jetclass_scaling_law/jetclass_output/adam/sweep_lr/capen-llama-att_4_256_0p25_ln_op-incidence_onorm-degree_res-transformer-like_h8_ntr1M_nval25k_nf7_gstar0p2_stream-kin7-partint-p80-knn6-D1M-s3p907k-seed0-ablate-b256.parquet
B_knn,graph k,k=8,3907,0.6528800129890442,0.9403883814811707,152.0270233154297,/scratch/gpfs/BHANIN/jdezoort/cpen_runs/jetclass_scaling_law/jetclass_output/adam/sweep_lr/capen-llama-att_4_256_0p25_ln_op-incidence_onorm-degree_res-transformer-like_h8_ntr1M_nval25k_nf7_gstar0p2_stream-kin7-partint-p80-knn8-D1M-s3p907k-seed0-ablate-b256.parquet
B_knn,geometry,no star,3907,0.6476399898529053,0.9392527937889099,159.574462890625,/scratch/gpfs/BHANIN/jdezoort/cpen_runs/jetclass_scaling_law/jetclass_output/adam/sweep_lr/capen-llama-att_4_256_0p25_ln_op-incidence_onorm-degree_res-transformer-like_h8_ntr1M_nval25k_nf7_gstar0p2_stream-kin7-partint-p80-knn6-nostar-D1M-s3p907k-seed0-ablate-b256.parquet
