model,eta0,val_acc,val_roc_auc,val_bg_rejection
edges,0.01,0.56592,0.906638,111.381
edges,0.05,0.59808,0.921038,124.559
edges,0.1,0.61048,0.925185,121.763
edges,0.25,0.61036,0.926301,120.656
edges,0.5,0.61524,0.926166,130.398
edges,1.0,0.60184,0.923868,130.405
edges,2.5,0.5574,0.906729,119.866
m11,0.01,0.55488,0.902637,90.73
m11,0.05,0.5846,0.915338,105.613
m11,0.1,0.59512,0.919282,103.411
m11,0.25,0.59092,0.920145,109.923
m11,0.5,0.59888,0.921783,91.77
m11,1.0,0.5756,0.913964,94.475
m11,2.5,0.5316,0.897734,87.788
