width,heads,eta0,global_step,train_loss,val_acc,val_roc_auc,val_bg_rejection,val_bg_rejection_0p3,source,path
256,8,0.05,45000,0.7905740141868591,0.7214400172233582,0.9594966173171997,252.34194946289062,1570.3125,parquet,/scratch/gpfs/BHANIN/jdezoort/cpen_runs/jetclass_scaling_law/jetclass_output/adam/sweep_lr/capen-llama-att_4_256_0p05_ln_op-incidence_onorm-degree_res-transformer-like_h8_nval25k_nf7_gstar0p2_stream-kin7-partint-p80-knn6-Dfull-s45k-seed0-L4D256-gputest-b128-g4-e0p05.parquet
256,8,0.1,45000,0.7881230711936951,0.7199599742889404,0.9595595598220825,250.61978149414062,1734.375,parquet,/scratch/gpfs/BHANIN/jdezoort/cpen_runs/jetclass_scaling_law/jetclass_output/adam/sweep_lr/capen-llama-att_4_256_0p1_ln_op-incidence_onorm-degree_res-transformer-like_h8_nval25k_nf7_gstar0p2_stream-kin7-partint-p80-knn6-Dfull-s45k-seed0-L4D256-gputest-b128-g4-e0p1.parquet
256,8,0.25,45000,0.7863129377365112,0.721560001373291,0.959780216217041,256.6575927734375,1500.0,parquet,/scratch/gpfs/BHANIN/jdezoort/cpen_runs/jetclass_scaling_law/jetclass_output/adam/sweep_lr/capen-llama-att_4_256_0p25_ln_op-incidence_onorm-degree_res-transformer-like_h8_nval25k_nf7_gstar0p2_stream-kin7-partint-p80-knn6-Dfull-s45k-seed0-L4D256-gputest-b128-g4-e0p25.parquet
256,8,0.5,45000,0.7871536016464233,0.7212799787521362,0.9593425393104553,242.45306396484375,1570.3125,parquet,/scratch/gpfs/BHANIN/jdezoort/cpen_runs/jetclass_scaling_law/jetclass_output/adam/sweep_lr/capen-llama-att_4_256_0p5_ln_op-incidence_onorm-degree_res-transformer-like_h8_nval25k_nf7_gstar0p2_stream-kin7-partint-p80-knn6-Dfull-s45k-seed0-L4D256-gputest-b128-g4-e0p5.parquet
256,8,1.0,45000,0.7941126823425293,0.7195600271224976,0.9592611193656921,264.0323486328125,1687.5,parquet,/scratch/gpfs/BHANIN/jdezoort/cpen_runs/jetclass_scaling_law/jetclass_output/adam/sweep_lr/capen-llama-att_4_256_1_ln_op-incidence_onorm-degree_res-transformer-like_h8_nval25k_nf7_gstar0p2_stream-kin7-partint-p80-knn6-Dfull-s45k-seed0-L4D256-gputest-b128-g4-e1.parquet
384,12,0.01,45003,0.8125,0.71316,0.957354,,,log,/scratch/gpfs/BHANIN/jdezoort/cpen_runs/jetclass_scaling_law/logs/jc_L4D384_gputest_14262377.out
384,12,0.025,45003,0.7972,0.7196,0.958865,,,log,/scratch/gpfs/BHANIN/jdezoort/cpen_runs/jetclass_scaling_law/logs/jc_L4D384_gputest_14262777.out
384,12,0.05,45004,0.7936,0.72132,0.959564,,,log,/scratch/gpfs/BHANIN/jdezoort/cpen_runs/jetclass_scaling_law/logs/jc_L4D384_gputest_14243368.out
384,12,0.1,45003,0.787,0.72356,0.959846,,,log,/scratch/gpfs/BHANIN/jdezoort/cpen_runs/jetclass_scaling_law/logs/jc_L4D384_gputest_14244173.out
384,12,0.25,45003,0.7842,0.7264,0.960082,,,log,/scratch/gpfs/BHANIN/jdezoort/cpen_runs/jetclass_scaling_law/logs/jc_L4D384_gputest_14243369.out
384,12,0.5,45004,0.7856,0.72556,0.959896,,,log,/scratch/gpfs/BHANIN/jdezoort/cpen_runs/jetclass_scaling_law/logs/jc_L4D384_gputest_14264044.out
384,12,1.0,45003,0.8017,0.71744,0.958599,,,log,/scratch/gpfs/BHANIN/jdezoort/cpen_runs/jetclass_scaling_law/logs/jc_L4D384_gputest_14289134.out
384,12,2.5,45004,0.9696,0.6776,0.947667,,,log,/scratch/gpfs/BHANIN/jdezoort/cpen_runs/jetclass_scaling_law/logs/jc_L4D384_gputest_14289135.out
512,16,0.25,45000,0.7816354632377625,0.7224400043487549,0.9602720737457275,247.4575958251953,1453.125,parquet,/scratch/gpfs/BHANIN/jdezoort/cpen_runs/jetclass_scaling_law/jetclass_output/adam/sweep_lr/capen-llama-att_4_512_0p25_ln_op-incidence_onorm-degree_res-transformer-like_h16_nval25k_nf7_gstar0p2_stream-kin7-partint-p80-knn6-Dfull-s100k-seed0-L4D512-gputest-b128-g4-e0p25.parquet
768,24,0.25,45000,0.7811514735221863,0.7246799468994141,0.9603592753410339,249.0767059326172,1687.5,parquet,/scratch/gpfs/BHANIN/jdezoort/cpen_runs/jetclass_scaling_law/jetclass_output/adam/sweep_lr/capen-llama-att_4_768_0p25_ln_op-incidence_onorm-degree_res-transformer-like_h24_nval25k_nf7_gstar0p2_stream-kin7-partint-p80-knn6-Dfull-s45k-seed0-L4D768-gputest-b128-g4-e0p25.parquet
