set,name,n_nodes,n_edges,train_nodes,train_pos,train_neg,train_pos_frac,train_neg_per_pos,edge_train,edge_train_pos,edge_train_neg,edge_train_pos_frac,edge_neg_per_pos,global_node_pos_frac,global_edge_pos_frac,obvious_stream_split,rp_obvious_stream,rp_obvious_stream_train,rp_obvious_stream_val,rp_obvious_stream_test,rp_obvious_bg_train,rp_hard_unlabeled
MOCK,MOCK_1223,402891,16773,158721,267,158454,0.001682197062770522,593.4606741573034,2718,151,2567,0.05555555555555555,17.0,0.0029164215084165335,0.2688845098018646,,801,267,267,267,158454,374
MOCK,MOCK_1368,758398,2173,200352,28,200324,0.0001397540329020923,7154.428571428572,289,18,271,0.06228373702422145,15.055555555555555,0.0001740510924719274,0.23884031176567078,,85,28,28,29,200324,47
MOCK,MOCK_1762,272281,5243,102537,72,102465,0.0007021855525322566,1423.125,744,45,699,0.06048387096774194,15.533333333333333,0.0011679111048579216,0.22372686862945557,,217,72,72,73,102465,101
MOCK,MOCK_1863,64667,2911,28026,41,27985,0.001462927281809748,682.560975609756,413,24,389,0.05811138014527845,16.208333333333332,0.0027989547234028578,0.4228787422180176,,123,41,41,41,27985,58
MOCK,MOCK_2041,805995,4160,193798,65,193733,0.00033540077812980524,2980.507692307692,665,41,624,0.061654135338345864,15.21951219512195,0.00035111879697069526,0.1112980768084526,,197,65,65,67,193733,86
MOCK,MOCK_2067,270431,26903,89102,489,88613,0.005488092298713833,181.21267893660533,4843,163,4680,0.03365682428246954,28.711656441717793,0.008223908953368664,0.4884585440158844,,1468,489,489,490,88613,756
MOCK,MOCK_2828,301521,1862,20447,24,20423,0.001173766322687925,850.9583333333334,246,15,231,0.06097560975609756,15.4,0.0003847161424346268,0.25134265422821045,,72,24,24,24,20423,44
MOCK,MOCK_2941,205841,6751,26798,98,26700,0.0036569893275617583,272.44897959183675,1004,51,953,0.05079681274900399,18.686274509803923,0.0020209774374961853,0.39431196451187134,,294,98,98,98,26700,122
MOCK,MOCK_3095,56925,1771,15890,25,15865,0.0015733165512901196,634.6,260,15,245,0.057692307692307696,16.333333333333332,0.001528326771222055,0.20045171678066254,,77,25,25,27,15865,10
MOCK,MOCK_4087,210839,3133,40514,43,40471,0.0010613615046650541,941.1860465116279,447,29,418,0.06487695749440715,14.413793103448276,0.0010529360733926296,0.5438876748085022,,130,43,43,44,40471,92
MOCK,MOCK_440,145139,4801,30345,69,30276,0.002273850716757291,438.7826086956522,710,46,664,0.0647887323943662,14.434782608695652,0.0022254528012126684,0.5509268641471863,,207,69,69,69,30276,116
MOCK,MOCK_4405,488628,1964,173067,20,173047,0.00011556218112060647,8652.35,203,12,191,0.059113300492610835,15.916666666666666,0.00018214265583083034,0.07077392935752869,,60,20,20,20,173047,29
MOCK,MOCK_456,446025,1321,140037,14,140023,9.997357841141983e-05,10001.642857142857,147,6,141,0.04081632653061224,23.5,0.00015918389544822276,0.08781225979328156,,43,14,14,15,140023,28
MOCK,MOCK_4626,124166,7405,56152,107,56045,0.001905542100014247,523.7850467289719,1115,66,1049,0.059192825112107626,15.893939393939394,0.004655058495700359,0.666576623916626,,323,107,107,109,56045,255
MOCK,MOCK_613,554244,1403,155100,14,155086,9.026434558349452e-05,11077.57142857143,146,9,137,0.06164383561643835,15.222222222222221,0.00011366834951331839,0.06414825469255447,,42,14,14,14,155086,21
